Field,Supplier A,Supplier B,Supplier C
CPI quoted (currency),,,
Total cost at full n,,,
Minimum fee / other fees,,,
IR assumed by supplier,,,
LOI assumed by supplier,,,
What happens if actual IR is lower,,,
Feasible n they committed to,,,
Timeline committed,,,
Soft launch offered,,,
Sample sources / blend,,,
Quota approach (incl. hardest cells),,,
Data quality measures,,,
Who pays for quality removals,,,
Caveats they stated,,,
Questions they answered that others didn't,,,
Silent on (gaps in their reply),,,
Our past experience with them,,,
Overall risk notes,,,
